thier_code, opstt_code, name, railst_pid, state_pid
501,1,"GRIFFITH RAILWAY STATION","NSW517388551","1"
501,5,"FINLEY RAILWAY STATION","NSW517388934","1"
501,5,"COROWA RAILWAY STATION","NSW517388558","1"
501,5,"TOCUMWAL RAILWAY STATION","NSW517388933","1"
501,5,"MIRROOL RAILWAY STATION","NSW517388559","1"
501,5,"COOTAMUNDRA WEST RAILWAY STATION","NSW517388935","1"
501,5,"COOMA RAILWAY STATION","NSW517388804","1"
501,5,"CHAKOLA RAILWAY STATION","NSW517388803","1"
501,1,"LEETON RAILWAY STATION","NSW517388574","1"
501,5,"ARDLETHAN RAILWAY STATION","NSW517388542","1"
501,5,"GALONG RAILWAY STATION","NSW517388956","1"
501,1,"JOPPA JUNCTION RAILWAY STATION","NSW517388963","1"
501,5,"DEMONDRILLE RAILWAY STATION","NSW517388965","1"
501,1,"GOULBURN RAILWAY STATION","NSW517388957","1"
501,1,"GUNNING RAILWAY STATION","NSW517388958","1"
501,1,"TARAGO RAILWAY STATION","NSW517388520","1"
501,1,"QUEANBEYAN RAILWAY STATION","NSW517388543","1"
501,1,"WAGGA WAGGA RAILWAY STATION","NSW517388942","1"
501,1,"COOTAMUNDRA RAILWAY STATION","NSW517388936","1"
501,1,"CULCAIRN RAILWAY STATION","NSW517388939","1"
501,1,"HENTY RAILWAY STATION","NSW517388940","1"
501,1,"THE ROCK RAILWAY STATION","NSW517388941","1"
501,5,"BOMEN RAILWAY STATION","NSW517388952","1"
501,1,"HARDEN RAILWAY STATION","NSW517388953","1"
501,5,"WALLENDBEEN RAILWAY STATION","NSW517388954","1"
501,1,"ALBURY RAILWAY STATION","NSW517388947","1"
501,5,"HAY RAILWAY STATION","NSW517388776","1"
501,1,"NARRANDERA RAILWAY STATION","NSW517388582","1"
501,1,"COOLAMON RAILWAY STATION","NSW517388583","1"
501,1,"BULLOCKS FLAT SKITUBE","NSW517388561","1"
501,1,"BLUECOW SKITUBE","NSW517388546","1"
501,1,"PERISHER VALLEY SKITUBE","NSW517388564","1"
501,5,"GUNDAGAI RAILWAY STATION","NSW517388715","1"
501,5,"BARMEDMAN RAILWAY STATION","NSW517388704","1"
501,5,"LOCKHART RAILWAY STATION","NSW517388912","1"
501,3,"NYAH WEST STATION","VIC16208427","2"
501,5,"CAPTAINS FLAT RAILWAY STATION","NSW517388780","1"
501,5,"BREDBO RAILWAY STATION","NSW517388779","1"
501,5,"TEMORA RAILWAY STATION","NSW517388617","1"
501,1,"TUMUT RAILWAY STATION","NSW517388784","1"
501,5,"YOUNG RAILWAY STATION","NSW517388705","1"
501,5,"NORTH GOULBURN RAILWAY STATION","NSW517389020","1"
501,1,"BUNGENDORE RAILWAY STATION","NSW517388544","1"
501,5,"BARELLAN RAILWAY STATION","NSW517388681","1"
501,5,"CROOKWELL RAILWAY STATION","NSW517388677","1"
501,5,"BUNYAN RAILWAY STATION","NSW517388693","1"
501,5,"DENILIQUIN RAILWAY STATION","NSW517388689","1"
501,5,"BOMBALA RAILWAY STATION","NSW517388700","1"
501,5,"NIMMITABEL RAILWAY STATION","NSW517388701","1"
501,5,"BOWNING RAILWAY STATION","NSW517388964","1"
501,5,"GANMAIN RAILWAY STATION","NSW517388702","1"
501,5,"MICHELAGO RAILWAY STATION","NSW517388695","1"
501,5,"STOCKINBINGAL RAILWAY STATION","NSW517388937","1"
501,1,"JUNEE RAILWAY STATION","NSW517388938","1"
501,5,"HAREFIELD RAILWAY STATION","NSW517388951","1"
501,1,"YASS JUNCTION RAILWAY STATION","NSW517388959","1"
501,5,"BINALONG RAILWAY STATION","NSW517388955","1"
501,1,"WANDONG STATION","VIC16208374","2"
501,3,"WARNE STATION","VIC16208375","2"
501,1,"BACCHUS MARSH STATION","VIC16208376","2"
501,1,"RUTHVEN STATION","VIC16208377","2"
501,1,"CRESWICK STATION","VIC16208378","2"
501,1,"PUFFING BILLY STATION","VIC16208379","2"
501,1,"GOWRIE STATION","VIC16208380","2"
501,1,"BITTERN STATION","VIC16208381","2"
501,3,"GLENLOTH STATION","VIC16208382","2"
501,3,"YAAPEET STATION","VIC16208383","2"
501,8,"KYUP STATION","VIC16208384","2"
501,1,"RINGWOOD STATION","VIC16208385","2"
501,3,"NYARRIN STATION","VIC16208386","2"
501,1,"NOBLE PARK STATION","VIC16208387","2"
501,1,"WOODEND STATION","VIC16208388","2"
501,8,"JEFFRIES STATION","VIC16208389","2"
501,1,"CHATHAM STATION","VIC16208390","2"
501,1,"CRIB POINT STATION","VIC16208391","2"
501,8,"BOLANGUM STATION","VIC16208392","2"
501,1,"ALPHINGTON STATION","VIC16208393","2"
501,3,"BRIM STATION","VIC16208394","2"
501,3,"WATCHEM STATION","VIC16208395","2"
501,1,"MORWELL STATION","VIC16208396","2"
501,3,"TURRIFF STATION","VIC16208397","2"
501,3,"DERRINALLUM STATION","VIC16208398","2"
501,3,"RAYWOOD STATION","VIC16208399","2"
501,3,"TALLYGAROOPNA STATION","VIC16208400","2"
501,1,"DUNOLLY STATION","VIC16208401","2"
501,1,"COOLAROO STATION","VIC16208402","2"
501,3,"LYONS STATION","VIC16208403","2"
501,3,"AVOCA STATION","VIC16208404","2"
501,3,"GOWANFORD STATION","VIC16208405","2"
501,3,"MARP STATION","VIC16208406","2"
501,1,"CASTLEMAINE STATION","VIC16208407","2"
501,1,"NEWPORT STATION","VIC16208408","2"
501,3,"ANNUELLO STATION","VIC16208409","2"
501,3,"MEENIYAN STATION","VIC16208410","2"
501,1,"PORTLAND STATION","VIC16208411","2"
501,1,"SYNDAL STATION","VIC16208412","2"
501,1,"LETHBRIDGE STATION","VIC16208413","2"
501,3,"LANG LANG STATION","VIC16208414","2"
501,1,"WESTALL STATION","VIC16208415","2"
501,1,"MOBILTOWN STATION","VIC16208416","2"
501,8,"PENSHURST STATION","VIC16208417","2"
501,1,"BIRREGURRA STATION","VIC16208418","2"
501,1,"HEYINGTON STATION","VIC16208419","2"
501,8,"MARNOO STATION","VIC16208420","2"
501,1,"HAWTHORN STATION","VIC16208421","2"
501,3,"BRUTHEN STATION","VIC16208422","2"
501,3,"PIRRON YALLOCK STATION","VIC16208423","2"
501,3,"BERRIWILLOCK STATION","VIC16208424","2"
501,1,"RIVERSDALE STATION","VIC16208425","2"
501,1,"MAROONA STATION","VIC16208426","2"
501,1,"LOCH STATION","VIC16208428","2"
501,1,"MELTON STATION","VIC16208429","2"
501,1,"AVENEL STATION","VIC16208430","2"
501,1,"WATER GARDENS STATION","VIC16208431","2"
501,1,"YELTA STATION","VIC16208432","2"
501,1,"RIDDELLS CREEK STATION","VIC16208433","2"
501,3,"GLENROWAN STATION","VIC16208434","2"
501,3,"TARRAWINGEE STATION","VIC16208435","2"
501,3,"ARMSTRONG STATION","VIC16208436","2"
501,8,"PAISLEY STATION","VIC16208437","2"
501,3,"GHERINGHAP STATION","VIC16208438","2"
501,1,"SOUTH MORANG STATION","VIC16208439","2"
501,3,"WINGEEL STATION","VIC16208440","2"
501,3,"TUTYE STATION","VIC16208441","2"
501,1,"WAIL STATION","VIC16208442","2"
501,1,"WARRAGUL STATION","VIC16208443","2"
501,1,"ROXBURGH PARK STATION","VIC16208444","2"
501,1,"FAIRFIELD STATION","VIC16208445","2"
501,1,"ROSANNA STATION","VIC16208446","2"
501,1,"STRATHMERTON STATION","VIC16208447","2"
501,3,"TARRANYURK STATION","VIC16208448","2"
501,3,"WODONGA STATION","VIC16208449","2"
501,1,"NORTH MELBOURNE STATION","VIC16208450","2"
501,3,"FOSTER STATION","VIC16208451","2"
501,8,"COLERAINE STATION","VIC16208452","2"
501,3,"LUBECK STATION","VIC16208453","2"
501,1,"FLAGSTAFF STATION","VIC16208454","2"
501,1,"ST ARNAUD STATION","VIC16208455","2"
501,1,"GLENROY STATION","VIC16208456","2"
501,1,"YARRAGON STATION","VIC16208457","2"
501,3,"KILCUNDA STATION","VIC16208458","2"
501,1,"KERANG STATION","VIC16208459","2"
501,8,"YABBA SOUTH STATION","VIC16208460","2"
501,1,"MIDDLE BRIGHTON STATION","VIC16208461","2"
501,1,"PRAHRAN STATION","VIC16208462","2"
501,1,"LONGWARRY STATION","VIC16208463","2"
501,1,"CAVE HILL (PROPOSED) STATION","VIC16208464","2"
501,8,"LORQUON STATION","VIC16208465","2"
501,1,"LITTLE RIVER STATION","VIC16208466","2"
501,3,"BARRAKEE STATION","VIC16208467","2"
501,1,"NEWMARKET STATION","VIC16208468","2"
501,3,"HAZELWOOD SIDING","VIC16208469","2"
501,1,"LALOR STATION","VIC16208470","2"
501,8,"KATAMATITE STATION","VIC16208471","2"
501,3,"OVENS STATION","VIC16208472","2"
501,1,"NHILL STATION","VIC16208473","2"
501,3,"RUTHERGLEN STATION","VIC16208474","2"
501,3,"GUILDFORD STATION","VIC16208475","2"
501,1,"DINGEE STATION","VIC16208476","2"
501,8,"ILLOWA STATION","VIC16208477","2"
501,1,"LABURNUM STATION","VIC16208478","2"
501,1,"WALHALLA STATION","VIC16208479","2"
501,1,"DANDENONG STATION","VIC16208480","2"
501,3,"FAIRLEY STATION","VIC16208481","2"
501,3,"KOETONG STATION","VIC16208482","2"
501,1,"BONBEACH STATION","VIC16208483","2"
501,1,"SUNSHINE STATION","VIC16208484","2"
501,3,"YENDON STATION","VIC16208485","2"
501,1,"NARRE WARREN STATION","VIC16208486","2"
501,1,"GLEN WAVERLEY STATION","VIC16208487","2"
501,3,"TOONGABBIE STATION","VIC16208488","2"
501,1,"HALLAM STATION","VIC16208489","2"
501,1,"WARRACKNABEAL STATION","VIC16208490","2"
501,1,"BURWOOD STATION","VIC16208491","2"
501,3,"KOO WEE RUP STATION","VIC16208492","2"
501,1,"BATMAN STATION","VIC16208493","2"
501,3,"CHEVIOT STATION","VIC16208494","2"
501,3,"CULGOA STATION","VIC16208495","2"
501,1,"BLACKBURN STATION","VIC16208496","2"
501,1,"FRANKSTON STATION","VIC16208497","2"
501,3,"EPSOM STATION","VIC16208498","2"
501,3,"WOODLEIGH STATION","VIC16208499","2"
501,3,"POREPUNKAH STATION","VIC16208500","2"
501,3,"GOLDSBOROUGH STATION","VIC16208501","2"
501,8,"LEARMONTH STATION","VIC16208502","2"
501,1,"KANANOOK STATION","VIC16208503","2"
501,8,"GANNAWARRA STATION","VIC16208504","2"
501,3,"LAKE BOGA STATION","VIC16208506","2"
501,1,"BAIRNSDALE STATION","VIC16208507","2"
501,3,"CONDAH STATION","VIC16208508","2"
501,1,"MONTMORENCY STATION","VIC16208509","2"
501,1,"CROYDON STATION","VIC16208510","2"
501,1,"ALBERT PARK STATION","VIC16208511","2"
501,3,"GALAQUIL STATION","VIC16208512","2"
501,1,"WATSONIA STATION","VIC16208513","2"
501,1,"BULLARTO STATION","VIC16208514","2"
501,1,"UNNAMED","VIC16208515","2"
501,1,"HEATHMONT STATION","VIC16208516","2"
501,3,"BEETOOMBA STATION","VIC16208517","2"
501,8,"VASEY STATION","VIC16208518","2"
501,3,"NUNGA STATION","VIC16208519","2"
501,1,"EPSOM STATION","VIC16208520","2"
501,1,"HEATHCOTE JUNCTION","VIC16208521","2"
501,1,"HEATHERDALE STATION","VIC16208522","2"
501,8,"TINAMBA STATION","VIC16208523","2"
501,3,"ELMHURST STATION","VIC16208524","2"
501,1,"NORTH SHORE STATION","VIC16208525","2"
501,1,"DIMBOOLA STATION","VIC16208526","2"
501,1,"EMERALD STATION","VIC16208527","2"
501,3,"CARISBROOK STATION","VIC16208528","2"
501,1,"SOUTH MELBOURNE STATION","VIC16208529","2"
501,3,"VITE VITE STATION","VIC16208530","2"
501,1,"WESTONA STATION","VIC16208531","2"
501,1,"ROYAL PARK STATION","VIC16208532","2"
501,1,"WINDSOR STATION","VIC16208533","2"
501,3,"KINNABULLA STATION","VIC16208534","2"
501,1,"UPPER FERNTREE GULLY STATION","VIC16208535","2"
501,3,"BUCKRABANYULE STATION","VIC16208536","2"
501,1,"SEDDON STATION","VIC16208537","2"
501,1,"GLEN HUNTLY STATION","VIC16208538","2"
501,3,"MIDDLE CREEK STATION","VIC16208539","2"
501,8,"JACKSON STATION","VIC16208540","2"
501,3,"WAITCHIE STATION","VIC16208541","2"
501,3,"COLDSTREAM STATION","VIC16208542","2"
501,8,"BANYENA STATION","VIC16208543","2"
501,3,"BENA STATION","VIC16208544","2"
501,1,"EUROA STATION","VIC16208545","2"
501,3,"MORTON PLAINS STATION","VIC16208546","2"
501,3,"TARADALE STATION","VIC16208547","2"
501,1,"ARDEER STATION","VIC16208548","2"
501,1,"PASCOE VALE STATION","VIC16208549","2"
501,1,"MARSHALL STATION","VIC16208550","2"
501,1,"MORNINGTON STATION","VIC16208551","2"
501,1,"MURRUMBEENA STATION","VIC16208552","2"
501,8,"GYMBOWEN STATION","VIC16208553","2"
501,1,"BALACLAVA STATION","VIC16208554","2"
501,1,"DIGGERS REST STATION","VIC16208555","2"
501,8,"GALVIN STATION","VIC16208556","2"
501,1,"EAST MALVERN STATION","VIC16208557","2"
501,1,"UNNAMED","VIC16208558","2"
501,3,"NINDA STATION","VIC16208559","2"
501,3,"WILLAURA STATION","VIC16208560","2"
501,1,"WYNDHAM VALE STATION","VIC16208561","2"
501,1,"HORSHAM STATION","VIC16208562","2"
501,8,"KOONDROOK STATION","VIC16208563","2"
501,3,"BOWMAN STATION","VIC16208564","2"
501,8,"PIRLTA STATION","VIC16208565","2"
501,8,"BLOWHARD STATION","VIC16208566","2"
501,3,"MEATIAN STATION","VIC16208567","2"
501,3,"KIATA STATION","VIC16208568","2"
501,3,"ORBOST STATION","VIC16208569","2"
501,3,"GORDON STATION","VIC16208570","2"
501,3,"NULLAN STATION","VIC16208571","2"
501,3,"KATUNGA STATION","VIC16208572","2"
501,1,"MOE STATION","VIC16208573","2"
501,3,"HUON STATION","VIC16208574","2"
501,3,"FISH CREEK STATION","VIC16208575","2"
501,1,"ORMOND STATION","VIC16208576","2"
501,3,"SEBASTIAN STATION","VIC16208577","2"
501,1,"PAKENHAM STATION","VIC16208578","2"
501,3,"WERRIBEE RACECOURSE STATION","VIC16208579","2"
501,3,"STRANGWAYS STATION","VIC16208580","2"
501,1,"JEWELL STATION","VIC16208581","2"
501,3,"KIAMAL STATION","VIC16208582","2"
501,8,"KORIELLA STATION","VIC16208583","2"
501,1,"BURNLEY STATION","VIC16208584","2"
501,1,"PRESTON STATION","VIC16208585","2"
501,3,"LONGWOOD STATION","VIC16208586","2"
501,3,"GREAT WESTERN STATION","VIC16208587","2"
501,3,"LINDENOW SOUTH STATION","VIC16208588","2"
501,1,"CARRUM STATION","VIC16208589","2"
501,3,"TALBOT STATION","VIC16208590","2"
501,3,"BUMBERRAH STATION","VIC16208591","2"
501,3,"WOOMELANG STATION","VIC16208592","2"
501,1,"KORUMBURRA STATION","VIC16208593","2"
501,1,"SOMERVILLE STATION","VIC16208594","2"
501,3,"GLENTHOMPSON STATION","VIC16208595","2"
501,3,"KILMANY STATION","VIC16208596","2"
501,1,"MALDON STATION","VIC16208597","2"
501,1,"LAKERS SIDING","VIC16208598","2"
501,1,"GLENBERVIE STATION","VIC16208599","2"
501,3,"TEDDYWADDY STATION","VIC16208600","2"
501,3,"ARKONA STATION","VIC16208601","2"
501,1,"THORNBURY STATION","VIC16208602","2"
501,1,"CLIFTON HILL STATION","VIC16208603","2"
501,3,"BONNIE DOON STATION","VIC16208604","2"
501,8,"YANAC STATION","VIC16208605","2"
501,8,"TEAL POINT STATION","VIC16208606","2"
501,8,"MORTAT STATION","VIC16208607","2"
501,8,"GRASSDALE STATION","VIC16208608","2"
501,3,"NOWINGI STATION","VIC16208609","2"
501,8,"FERN HILL STATION","VIC16208610","2"
501,1,"EDITHVALE STATION","VIC16208611","2"
501,3,"BUANGOR STATION","VIC16208612","2"
501,1,"LEAWARRA STATION","VIC16208613","2"
501,1,"VICTORIA PARK STATION","VIC16208614","2"
501,3,"CARLSRUHE STATION","VIC16208615","2"
501,1,"MORELAND STATION","VIC16208616","2"
501,1,"WENDOUREE STATION","VIC16208617","2"
501,1,"ELMORE STATION","VIC16208618","2"
501,3,"MIRALIE STATION","VIC16208619","2"
501,1,"FIELDER STATION","VIC16208620","2"
501,1,"WILLIAMSTOWN STATION","VIC16208621","2"
501,3,"KERNOT STATION","VIC16208622","2"
501,8,"CAVENDISH STATION","VIC16208623","2"
501,3,"LILLIPUT STATION","VIC16208624","2"
501,8,"GIRGARRE STATION","VIC16208625","2"
501,1,"GINIFER STATION","VIC16208626","2"
501,3,"BARNAWARTHA STATION","VIC16208627","2"
501,1,"GEELONG STATION","VIC16208628","2"
501,1,"WINCHELSEA STATION","VIC16208629","2"
501,3,"ULTIMA STATION","VIC16208630","2"
501,1,"BRUNSWICK STATION","VIC16208631","2"
501,3,"NEWTOWN STATION","VIC16208632","2"
501,1,"WAURN PONDS STATION","VIC16208633","2"
501,1,"KOOYONG STATION","VIC16208634","2"
501,1,"SANDRINGHAM STATION","VIC16208635","2"
501,1,"HOPETOUN STATION","VIC16208636","2"
501,3,"COWANGIE STATION","VIC16208637","2"
501,1,"MARYBOROUGH STATION","VIC16208638","2"
501,8,"PARKWOOD STATION","VIC16208639","2"
501,1,"BEAUFORT STATION","VIC16208640","2"
501,1,"GARDINER STATION","VIC16208641","2"
501,3,"WALPEUP STATION","VIC16208642","2"
501,8,"DETPA STATION","VIC16208643","2"
501,8,"KOROIT STATION","VIC16208644","2"
501,8,"KEELY STATION","VIC16208645","2"
501,3,"NANDALY STATION","VIC16208646","2"
501,1,"ASHBURTON STATION","VIC16208647","2"
501,1,"SPOTSWOOD STATION","VIC16208648","2"
501,3,"NULLAWIL STATION","VIC16208649","2"
501,1,"MALVERN TRAM DEPOT STATION","VIC16208650","2"
501,8,"SANDFORD STATION","VIC16208651","2"
501,1,"REGENT STATION","VIC16208652","2"
501,1,"JEPARIT STATION","VIC16208653","2"
501,1,"GARFIELD STATION","VIC16208654","2"
501,1,"HARTWELL STATION","VIC16208655","2"
501,1,"TYNONG STATION","VIC16208656","2"
501,1,"LARA STATION","VIC16208657","2"
501,1,"STONY POINT STATION","VIC16208658","2"
501,8,"WAUBRA STATION","VIC16208659","2"
501,3,"BANNOCKBURN STATION","VIC16208661","2"
501,1,"FAWKNER STATION","VIC16208662","2"
501,1,"NORTH BRIGHTON STATION","VIC16208663","2"
501,1,"KYNETON STATION","VIC16208664","2"
501,3,"CURYO STATION","VIC16208665","2"
501,3,"GAMA STATION","VIC16208666","2"
501,3,"MYAMYN STATION","VIC16208667","2"
501,3,"GOLDEN SQUARE STATION","VIC16208668","2"
501,1,"TOTTENHAM STATION","VIC16208669","2"
501,1,"WARRNAMBOOL STATION","VIC16208670","2"
501,3,"MOLOGA STATION","VIC16208671","2"
501,1,"KENSINGTON STATION","VIC16208672","2"
501,3,"NOWA NOWA STATION","VIC16208673","2"
501,1,"KANGAROO FLAT STATION","VIC16208674","2"
501,1,"BELL STATION","VIC16208675","2"
501,1,"SPRINGVALE STATION","VIC16208676","2"
501,1,"DROUIN STATION","VIC16208677","2"
501,1,"TONGALA STATION","VIC16208678","2"
501,3,"TRAGOWEL STATION","VIC16208679","2"
501,1,"YARRAMAN STATION","VIC16208680","2"
501,1,"CHELTENHAM STATION","VIC16208681","2"
501,1,"BAYSWATER STATION","VIC16208682","2"
501,8,"PORT FAIRY STATION","VIC16208683","2"
501,1,"UNNAMED","VIC16208684","2"
501,1,"DENNIS STATION","VIC16208685","2"
501,3,"YARROWEYAH STATION","VIC16208686","2"
501,1,"WANGARATTA STATION","VIC16208687","2"
501,1,"LAVERTON STATION","VIC16208688","2"
501,3,"CLYDE STATION","VIC16208690","2"
501,8,"DUFFHOLME STATION","VIC16208691","2"
501,3,"MYRTLEFORD STATION","VIC16208692","2"
501,1,"TRARALGON STATION","VIC16208693","2"
501,8,"YOUANMITE STATION","VIC16208694","2"
501,3,"TOORADIN STATION","VIC16208695","2"
501,1,"MUSK STATION","VIC16208696","2"
501,1,"PARLIAMENT STATION","VIC16208697","2"
501,3,"ALLANSFORD STATION","VIC16208698","2"
501,3,"PANMURE STATION","VIC16208699","2"
501,3,"ALMURTA STATION","VIC16208700","2"
501,1,"UPWEY STATION","VIC16208701","2"
501,3,"BERRYBANK STATION","VIC16208702","2"
501,3,"ANDERSON STATION","VIC16208703","2"
501,3,"WELSHPOOL STATION","VIC16208704","2"
501,1,"UNNAMED","VIC16208705","2"
501,1,"BOORT STATION","VIC16208706","2"
501,8,"NATYA STATION","VIC16208707","2"
501,3,"KOPKE STATION","VIC16208708","2"
501,1,"GREENSBOROUGH STATION","VIC16208709","2"
501,1,"KEILOR PLAINS STATION","VIC16208710","2"
501,3,"LEICHARDT STATION","VIC16208711","2"
501,8,"BENETOOK STATION","VIC16208712","2"
501,1,"NORTHCOTE STATION","VIC16208713","2"
501,1,"FLINDERS STREET STATION","VIC16208714","2"
501,8,"WAAIA STATION","VIC16208715","2"
501,8,"NATIMUK STATION","VIC16208716","2"
501,3,"GERANG GERUNG STATION","VIC16208717","2"
501,3,"CARINA STATION","VIC16208718","2"
501,1,"FERNTREE GULLY STATION","VIC16208719","2"
501,1,"NUMURKAH STATION","VIC16208720","2"
501,8,"YABBA NORTH STATION","VIC16208721","2"
501,3,"EMU STATION","VIC16208722","2"
501,3,"DOBIE STATION","VIC16208723","2"
501,8,"LYONVILLE STATION","VIC16208724","2"
501,1,"BROADFORD STATION","VIC16208725","2"
501,1,"OAK PARK STATION","VIC16208726","2"
501,1,"NYORA STATION","VIC16208727","2"
501,3,"BRANXHOLME STATION","VIC16208728","2"
501,1,"THOMASTOWN STATION","VIC16208729","2"
501,3,"NEWSTEAD STATION","VIC16208730","2"
501,8,"MURCHISON STATION","VIC16208731","2"
501,3,"LITCHFIELD STATION","VIC16208732","2"
501,8,"PYALONG STATION","VIC16208733","2"
501,3,"COCAMBA STATION","VIC5579918","2"
501,3,"ALBACUTYA STATION","VIC5579946","2"
501,3,"YATPOOL STATION","VIC5580005","2"
501,8,"HENTY STATION","VIC5580049","2"
501,3,"GREENWALD STATION","VIC5580070","2"
501,3,"COBDEN STATION","VIC5580083","2"
501,3,"YEA STATION","VIC5580135","2"
501,3,"WAHRING STATION","VIC5580143","2"
501,3,"WOODFIELD STATION","VIC5580160","2"
501,3,"ST JAMES STATION","VIC5580208","2"
501,8,"RUSHWORTH STATION","VIC5580255","2"
501,3,"COWWARR STATION","VIC5580269","2"
501,3,"KORONG VALE STATION","VIC5580358","2"
501,1,"KANYAPELLA STATION","VIC5580414","2"
501,1,"MACEDON STATION","VIC5580436","2"
501,1,"RINGWOOD EAST STATION","VIC5580496","2"
501,1,"JOLIMONT STATION","VIC5580500","2"
501,1,"ST KILDA STATION","VIC5580530","2"
501,1,"CAULFIELD STATION","VIC5580541","2"
501,1,"SELBY STATION","VIC5580555","2"
501,3,"WOOLAMAI STATION","VIC5580611","2"
501,1,"AUBURN STATION","VIC5580643","2"
501,1,"QUEENSCLIFF STATION","VIC5580667","2"
501,1,"KEON PARK STATION","VIC5580681","2"
501,1,"MIDDLE FOOTSCRAY STATION","VIC5580692","2"
501,1,"GISBORNE STATION","VIC5580730","2"
501,1,"COBURG STATION","VIC5580732","2"
501,1,"MIDDLE GORGE STATION","VIC16208736","2"
501,1,"MERNDA STATION","VIC16208735","2"
501,1,"HAWKSTOWE STATION","VIC16208734","2"
501,8,"MERINO STATION","VIC16207899","2"
501,1,"ARMADALE STATION","VIC16207900","2"
501,1,"STRATFORD STATION","VIC16207901","2"
501,3,"GAPSTED STATION","VIC16207902","2"
501,3,"KOIMBO STATION","VIC16207903","2"
501,3,"RAVENSWOOD STATION","VIC16207904","2"
501,3,"TOOLAMBA STATION","VIC16207905","2"
501,1,"BORONIA STATION","VIC16207906","2"
501,1,"HOLMESGLEN STATION","VIC16207907","2"
501,8,"BOCHARA STATION","VIC16207908","2"
501,1,"DRYSDALE STATION","VIC16207909","2"
501,1,"AIRCRAFT STATION","VIC16207910","2"
501,3,"PIRA STATION","VIC16207911","2"
501,3,"SKIPTON STATION","VIC16207912","2"
501,1,"OAKLEIGH STATION","VIC16207913","2"
501,8,"PICOLA STATION","VIC16207914","2"
501,1,"OFFICER STATION","VIC16207915","2"
501,3,"BOLTON STATION","VIC16207916","2"
501,1,"DIAMOND CREEK STATION","VIC16207917","2"
501,8,"CASTERTON STATION","VIC16207919","2"
501,1,"WILLISON STATION","VIC16207920","2"
501,1,"VIOLET TOWN STATION","VIC16207921","2"
501,1,"INGLEWOOD STATION","VIC16207922","2"
501,3,"NICHOLSON STATION","VIC16207923","2"
501,1,"BREAKWATER STATION","VIC16207924","2"
501,8,"KANAGULK STATION","VIC16207925","2"
501,3,"IRYMPLE STATION","VIC16207926","2"
501,3,"GLEN FORBES STATION","VIC16207927","2"
501,1,"BENTLEIGH STATION","VIC16207928","2"
501,3,"ARCADIA STATION","VIC16207929","2"
501,3,"LOCKSLEY STATION","VIC16207930","2"
501,1,"ALAMEIN STATION","VIC16207931","2"
501,3,"BAGSHOT STATION","VIC16207932","2"
501,3,"PEECHELBA EAST STATION","VIC16207933","2"
501,3,"MURRAYVILLE STATION","VIC16207934","2"
501,1,"MITCHAM STATION","VIC16207935","2"
501,1,"MERRI STATION","VIC16207936","2"
501,3,"MONEA STATION","VIC16207937","2"
501,3,"MYWEE STATION","VIC16207938","2"
501,1,"HOPPERS CROSSING STATION","VIC16207939","2"
501,3,"BUFFALO STATION","VIC16207940","2"
501,8,"WANNON STATION","VIC16207941","2"
501,1,"GEMBROOK STATION","VIC16207942","2"
501,3,"PRAIRIE STATION","VIC16207943","2"
501,1,"NORTH GEELONG STATION","VIC16207944","2"
501,3,"BORUNG STATION","VIC16207945","2"
501,3,"ELPHINSTONE STATION","VIC16207946","2"
501,1,"MOORABBIN STATION","VIC16207947","2"
501,3,"BOORHAMAN STATION","VIC16207948","2"
501,1,"GEELONG SOUTH STATION","VIC16207949","2"
501,1,"CLAYTON STATION","VIC16207950","2"
501,3,"BADDAGINNIE STATION","VIC16207951","2"
501,3,"CURDIE STATION","VIC16207952","2"
501,1,"MONTAGUE STATION","VIC16207953","2"
501,1,"TOORONGA STATION","VIC16207954","2"
501,3,"WAHGUNYAH STATION","VIC16207955","2"
501,1,"PORT MELBOURNE STATION","VIC16207956","2"
501,3,"BURRUMBEET STATION","VIC16207957","2"
501,1,"EPPING STATION","VIC16207958","2"
501,1,"MEREDITH STATION","VIC16207959","2"
501,1,"ANSTEY STATION","VIC16207960","2"
501,1,"BERWICK STATION","VIC16207961","2"
501,3,"MOLESWORTH STATION","VIC16207962","2"
501,1,"MILDURA STATION","VIC16207963","2"
501,3,"PURALKA STATION","VIC16207964","2"
501,3,"BRIDGEWATER STATION","VIC16207965","2"
501,8,"HINKSONS STATION","VIC16207966","2"
501,1,"BEULAH STATION","VIC16207967","2"
501,3,"PULLUT STATION","VIC16207968","2"
501,1,"DAREBIN STATION","VIC16207969","2"
501,3,"TANDARRA STATION","VIC16207970","2"
501,1,"MERINDA PARK STATION","VIC16207971","2"
501,3,"TRESCO STATION","VIC16207972","2"
501,3,"MINYIP STATION","VIC16207973","2"
501,1,"WALLAN STATION","VIC16207974","2"
501,3,"NERRIN NERRIN STATION","VIC16207975","2"
501,3,"POMBORNEIT STATION","VIC16207976","2"
501,8,"GOROKE STATION","VIC16207977","2"
501,1,"MURTOA STATION","VIC16207978","2"
501,1,"WESTGARTH STATION","VIC16207979","2"
501,1,"MCKINNON STATION","VIC16207980","2"
501,1,"MERRIGUM STATION","VIC16207981","2"
501,1,"HEYWOOD STATION","VIC16207982","2"
501,3,"CANNIE STATION","VIC16207983","2"
501,1,"LILYDALE STATION","VIC16207984","2"
501,3,"PIER MILLAN STATION","VIC16207985","2"
501,8,"HUNTER STATION","VIC16207986","2"
501,1,"HEIDELBERG STATION","VIC16207987","2"
501,3,"BEECHWORTH STATION","VIC16207988","2"
501,1,"RICHMOND STATION","VIC16207989","2"
501,3,"EVERTON STATION","VIC16207990","2"
501,3,"KOONWARRA STATION","VIC16207991","2"
501,8,"LOCKINGTON STATION","VIC16207992","2"
501,1,"PATTERSON STATION","VIC16207993","2"
501,3,"SHELLEY STATION","VIC16207994","2"
501,3,"MCDOUGALL SIDING","VIC16207995","2"
501,3,"BET BET STATION","VIC16207996","2"
501,1,"MONT ALBERT STATION","VIC16207997","2"
501,1,"LEONGATHA STATION","VIC16207998","2"
501,3,"WAL WAL STATION","VIC16207999","2"
501,3,"BALMATTUM STATION","VIC16208000","2"
501,8,"DAWSON STATION","VIC16208001","2"
501,3,"MANANGATANG STATION","VIC16208002","2"
501,1,"HEALESVILLE STATION","VIC16208003","2"
501,3,"WUNGHNU STATION","VIC16208004","2"
501,1,"MOOROOPNA STATION","VIC16208005","2"
501,3,"BANNERTON STATION","VIC16208006","2"
501,1,"SOUTHLAND STATION","VIC16208007","2"
501,1,"MERLYNSTON STATION","VIC16208008","2"
501,1,"GLENFERRIE STATION","VIC16208009","2"
501,1,"SALE STATION","VIC16208010","2"
501,1,"WEST RICHMOND STATION","VIC16208011","2"
501,3,"CUDGEWA STATION","VIC16208012","2"
501,1,"BALLAN STATION","VIC16208013","2"
501,3,"ELLAM STATION","VIC16208014","2"
501,1,"MORDIALLOC STATION","VIC16208015","2"
501,1,"PYRAMID HILL STATION","VIC16208016","2"
501,3,"BONEGILLA STATION","VIC16208017","2"
501,3,"STRATHKELLAR STATION","VIC16208018","2"
501,3,"TIMBOON STATION","VIC16208019","2"
501,1,"FLEMINGTON BRIDGE STATION","VIC16208020","2"
501,3,"CARWARP STATION","VIC16208021","2"
501,8,"KOOLOONONG STATION","VIC16208022","2"
501,3,"WOORINEN STATION","VIC16208023","2"
501,1,"CLARKEFIELD STATION","VIC16208024","2"
501,1,"BENDIGO JOSS HOUSE TEMPLE STATION","VIC16208025","2"
501,1,"WYCHEPROOF STATION","VIC16208026","2"
501,1,"MT WAVERLEY STATION","VIC16208027","2"
501,3,"GOORNONG STATION","VIC16208028","2"
501,3,"DALYSTON STATION","VIC16208029","2"
501,1,"ARARAT STATION","VIC16208030","2"
501,8,"EAST NATIMUK STATION","VIC16208031","2"
501,1,"ROSEDALE STATION","VIC16208032","2"
501,8,"MCCOLL STATION","VIC16208033","2"
501,1,"ASCOT VALE STATION","VIC16208034","2"
501,1,"BOX HILL STATION","VIC16208035","2"
501,3,"CALDERMEADE STATION","VIC16208036","2"
501,3,"HARCOURT STATION","VIC16208037","2"
501,3,"MINCHA STATION","VIC16208038","2"
501,3,"MITIAMO STATION","VIC16208039","2"
501,1,"MOONEE PONDS STATION","VIC16208040","2"
501,3,"RAINBOW STATION","VIC16208041","2"
501,1,"BENDIGO TRAMWAYS DEPOT STATION","VIC16208042","2"
501,1,"ECHUCA STATION","VIC16208043","2"
501,3,"CLUNES STATION","VIC16208044","2"
501,8,"JULLUMBA STATION","VIC16208045","2"
501,1,"ALTONA STATION","VIC16208046","2"
501,8,"NATHALIA STATION","VIC16208047","2"
501,1,"LAKE WEEROONA STATION","VIC16208048","2"
501,3,"LANGI LOGAN STATION","VIC16208049","2"
501,1,"SOUTHERN CROSS STATION","VIC16208050","2"
501,3,"GLENFYNE STATION","VIC16208051","2"
501,8,"CARPOLAC STATION","VIC16208052","2"
501,1,"KYABRAM STATION","VIC16208053","2"
501,1,"PARKDALE STATION","VIC16208054","2"
501,1,"SUMA PARK STATION","VIC16208055","2"
501,3,"WALLACE STATION","VIC16208056","2"
501,1,"COLLINGWOOD STATION","VIC16208057","2"
501,3,"EUROBIN STATION","VIC16208058","2"
501,1,"TOORAK STATION","VIC16208059","2"
501,1,"GARDENVALE STATION","VIC16208060","2"
501,1,"SOUTH KENSINGTON STATION","VIC16208061","2"
501,1,"TATURA STATION","VIC16208062","2"
501,8,"TYLDEN STATION","VIC16208063","2"
501,3,"LINGA STATION","VIC16208064","2"
501,3,"SWANWATER STATION","VIC16208065","2"
501,3,"JUNG STATION","VIC16208066","2"
501,3,"DUMOSA STATION","VIC16208067","2"
501,1,"ESSENDON STATION","VIC16208068","2"
501,1,"RED CLIFFS STATION","VIC16208069","2"
501,3,"TARRANGINNIE STATION","VIC16208070","2"
501,1,"CARDINIA ROAD STATION","VIC16208071","2"
501,1,"FLEMINGTON SHOWGROUNDS STATION","VIC16208072","2"
501,8,"WATSON STATION","VIC16208073","2"
501,3,"WINNAP STATION","VIC16208074","2"
501,3,"KULWIN STATION","VIC16208075","2"
501,3,"RUBY STATION","VIC16208076","2"
501,3,"ANTWERP STATION","VIC16208077","2"
501,3,"COROMBY STATION","VIC16208078","2"
501,3,"MASSEY STATION","VIC16208079","2"
501,1,"MALMSBURY STATION","VIC16208080","2"
501,3,"MAINDAMPLE STATION","VIC16208081","2"
501,3,"PANITYA STATION","VIC16208082","2"
501,1,"SEAHOLME STATION","VIC16208083","2"
501,1,"BENDIGO STATION","VIC16208084","2"
501,3,"HILLSIDE STATION","VIC16208085","2"
501,1,"LANGWARRIN STATION","VIC16208086","2"
501,1,"SOUTH YARRA STATION","VIC16208087","2"
501,3,"KANUMBRA STATION","VIC16208088","2"
501,1,"DOOKIE STATION","VIC16208089","2"
501,3,"BALLARAT CATTLE SIDING","VIC16208090","2"
501,3,"MANGALORE STATION","VIC16208091","2"
501,1,"CAROLINE SPRINGS STATION","VIC16208092","2"
501,1,"HAMPTON STATION","VIC16208093","2"
501,1,"NORTH RICHMOND STATION","VIC16208094","2"
501,1,"SHEPPARTON STATION","VIC16208095","2"
501,3,"GLENGARRY STATION","VIC16208096","2"
501,1,"ROCHESTER STATION","VIC16208097","2"
501,1,"ASPENDALE STATION","VIC16208098","2"
501,1,"NAGAMBIE STATION","VIC16208099","2"
501,8,"LEITCHVILLE STATION","VIC16208100","2"
501,1,"TERANG STATION","VIC16208101","2"
501,1,"THOMSON STATION","VIC16208102","2"
501,1,"WESTMERE STATION","VIC16208103","2"
501,8,"DIGGORA WEST STATION","VIC16208104","2"
501,8,"ALEXANDRA STATION","VIC16208105","2"
501,1,"MURCHISON EAST STATION","VIC16208106","2"
501,1,"YARRAVILLE STATION","VIC16208107","2"
501,3,"MACORNA STATION","VIC16208108","2"
501,3,"NAROGHID STATION","VIC16208109","2"
501,1,"WILLIAMS LANDING STATION","VIC16208110","2"
501,3,"BEVERIDGE STATION","VIC16208111","2"
501,3,"LINTON STATION","VIC16208112","2"
501,3,"YARRA GLEN STATION","VIC16208113","2"
501,3,"LASCELLES STATION","VIC16208114","2"
501,8,"COLBINABBIN STATION","VIC16208115","2"
501,8,"GATUM STATION","VIC16208116","2"
501,1,"MELBOURNE CENTRAL STATION","VIC16208117","2"
501,1,"COCKATOO STATION","VIC16208118","2"
501,3,"FERNBANK STATION","VIC16208119","2"
501,1,"KOYUGA STATION","VIC16208120","2"
501,3,"UNDERBOOL STATION","VIC16208121","2"
501,8,"WEDDERBURN STATION","VIC16208122","2"
501,3,"WYCHITELLA STATION","VIC16208123","2"
501,1,"COLAC STATION","VIC16208124","2"
501,3,"GOYURA STATION","VIC16208125","2"
501,3,"BULLIOH STATION","VIC16208126","2"
501,1,"EAST RICHMOND STATION","VIC16208127","2"
501,3,"LAKE CHARM STATION","VIC16208128","2"
501,3,"WINDERMERE STATION","VIC16208129","2"
501,3,"TATYOON STATION","VIC16208130","2"
501,3,"BATCHICA STATION","VIC16208131","2"
501,8,"TOOLONDO STATION","VIC16208132","2"
501,3,"TRAWOOL STATION","VIC16208133","2"
501,3,"MERBEIN STATION","VIC16208134","2"
501,3,"LAH STATION","VIC16208135","2"
501,1,"BENALLA STATION","VIC16208136","2"
501,3,"GALAH STATION","VIC16208137","2"
501,1,"RIPPONLEA STATION","VIC16208138","2"
501,3,"SMYTHESDALE STATION","VIC16208139","2"
501,3,"LILLIMUR STATION","VIC16208140","2"
501,1,"GLEN IRIS STATION","VIC16208141","2"
501,1,"GLENORCHY STATION","VIC16208142","2"
501,3,"ELAINE STATION","VIC16208143","2"
501,3,"FLYNN STATION","VIC16208144","2"
501,1,"UPFIELD STATION","VIC16208145","2"
501,1,"TYSONS REEF HOTEL STATION","VIC16208146","2"
501,3,"YERING STATION","VIC16208147","2"
501,8,"BALMORAL STATION","VIC16208148","2"
501,1,"WEST FOOTSCRAY STATION","VIC16208149","2"
501,8,"COLLINS SIDING","VIC16208150","2"
501,3,"MERTON STATION","VIC16208151","2"
501,1,"NORTH WILLIAMSTOWN STATION","VIC16208152","2"
501,3,"MOUTAJUP STATION","VIC16208153","2"
501,1,"TRAFALGAR STATION","VIC16208154","2"
501,1,"WODONGA STATION","VIC16208155","2"
501,1,"BROADMEADOWS STATION","VIC16208156","2"
501,1,"ST ALBANS STATION","VIC16208157","2"
501,1,"CHELSEA STATION","VIC16208158","2"
501,1,"SEAFORD STATION","VIC16208159","2"
501,3,"TOORA STATION","VIC16208160","2"
501,8,"WOOLSTHORPE STATION","VIC16208161","2"
501,8,"TRENTHAM STATION","VIC16208162","2"
501,3,"TALLANGATTA STATION","VIC16208163","2"
501,3,"KOTTA STATION","VIC16208164","2"
501,1,"CROXTON STATION","VIC16208165","2"
501,1,"GENERAL MOTORS STATION","VIC16208166","2"
501,1,"MUCKLEFORD STATION","VIC16208167","2"
501,3,"PURA PURA STATION","VIC16208168","2"
501,1,"BAXTER STATION","VIC16208169","2"
501,1,"MENTONE STATION","VIC16208170","2"
501,1,"EAST CAMBERWELL STATION","VIC16208171","2"
501,3,"LONDRIGAN STATION","VIC16208172","2"
501,1,"KANIVA STATION","VIC16208173","2"
501,3,"MYSTIC PARK STATION","VIC16208174","2"
501,3,"MOORABOOL STATION","VIC16208175","2"
501,1,"FOOTSCRAY STATION","VIC16208176","2"
501,3,"HOMEWOOD STATION","VIC16208177","2"
501,3,"QUAMBATOOK STATION","VIC16208178","2"
501,8,"THURLA STATION","VIC16208179","2"
501,3,"CHINKAPOOK STATION","VIC16208180","2"
501,8,"MERRINEE STATION","VIC16208181","2"
501,8,"PATCHEWOLLOCK STATION","VIC16208182","2"
501,1,"DONNYBROOK STATION","VIC16208183","2"
501,1,"PIMPINIO STATION","VIC16208184","2"
501,8,"YEOBURN SIDING","VIC16208185","2"
501,3,"GARVOC STATION","VIC16208186","2"
501,3,"YARCK STATION","VIC16208187","2"
501,3,"FULHAM STATION","VIC16208188","2"
501,3,"CRESSY STATION","VIC16208189","2"
501,1,"MOOROODUC STATION","VIC16208190","2"
501,1,"CHARING CROSS STATION","VIC16208191","2"
501,3,"CHILLINGOLLAH STATION","VIC16208192","2"
501,1,"SEA LAKE STATION","VIC16208193","2"
501,3,"WATCHUPGA STATION","VIC16208194","2"
501,1,"BYRNESIDE STATION","VIC16208195","2"
501,3,"DUVERNEY STATION","VIC16208196","2"
501,3,"MOOLORT STATION","VIC16208197","2"
501,8,"VECTIS STATION","VIC16208198","2"
501,1,"BIRCHIP STATION","VIC16208199","2"
501,3,"COPE COPE STATION","VIC16208200","2"
501,1,"UNNAMED","VIC16208201","2"
501,8,"NETHERBY STATION","VIC16208202","2"
501,3,"PITTONG STATION","VIC16208203","2"
501,1,"HASTINGS STATION","VIC16208204","2"
501,3,"HATTAH STATION","VIC16208205","2"
501,3,"MIRAM STATION","VIC16208206","2"
501,3,"DEVENISH STATION","VIC16208207","2"
501,3,"MININERA STATION","VIC16208208","2"
501,1,"CAMPERDOWN STATION","VIC16208209","2"
501,1,"HIGHETT STATION","VIC16208210","2"
501,3,"SIMPSON STATION","VIC16208211","2"
501,1,"TALLAROOK STATION","VIC16208212","2"
501,1,"SHERWOOD PARK STATION","VIC16208213","2"
501,1,"FLEMINGTON RACECOURSE STATION","VIC16208214","2"
501,1,"MOOROOLBARK STATION","VIC16208215","2"
501,1,"HURSTBRIDGE STATION","VIC16208216","2"
501,3,"TABILK STATION","VIC16208217","2"
501,3,"GOORAMBAT STATION","VIC16208218","2"
501,1,"TYABB STATION","VIC16208219","2"
501,3,"DUNKELD STATION","VIC16208220","2"
501,1,"STAWELL STATION","VIC16208221","2"
501,3,"DENNINGTON STATION","VIC16208222","2"
501,3,"COBRAM STATION","VIC16208223","2"
501,3,"SUTHERLAND STATION","VIC16208224","2"
501,1,"NAR NAR GOON STATION","VIC16208225","2"
501,1,"MENZIES CREEK STATION","VIC16208226","2"
501,1,"CANTERBURY STATION","VIC16208227","2"
501,1,"ELSTERNWICK STATION","VIC16208228","2"
501,3,"SHEEP HILLS STATION","VIC16208229","2"
501,1,"CARNEGIE STATION","VIC16208230","2"
501,1,"CHILTERN STATION","VIC16208231","2"
501,1,"MORRADOO STATION","VIC16208232","2"
501,3,"SPEED STATION","VIC16208233","2"
501,3,"LALBERT STATION","VIC16208234","2"
501,3,"MUNRO STATION","VIC16208235","2"
501,1,"ROBINSON STATION","VIC16208236","2"
501,1,"HAMILTON STATION","VIC16208237","2"
501,1,"SPRINGHURST STATION","VIC16208238","2"
501,1,"MIDDLE PARK STATION","VIC16208239","2"
501,1,"TARNEIT STATION","VIC16208240","2"
501,3,"PINE LODGE STATION","VIC16208241","2"
501,3,"ROSEBERRY STATION","VIC16208242","2"
501,3,"ROBINVALE STATION","VIC16208243","2"
501,3,"MYSIA STATION","VIC16208244","2"
501,1,"ROCKBANK STATION","VIC16208245","2"
501,1,"LAKESIDE STATION","VIC16208246","2"
501,3,"MANSFIELD STATION","VIC16208247","2"
501,8,"COHUNA STATION","VIC16208248","2"
501,8,"NORADJUHA STATION","VIC16208249","2"
501,3,"STAVELY STATION","VIC16208250","2"
501,1,"EAGLEMONT STATION","VIC16208251","2"
501,1,"CHARLTON STATION","VIC16208252","2"
501,1,"HUGHESDALE STATION","VIC16208253","2"
501,8,"ALLENDALE STATION","VIC16208254","2"
501,1,"MACLEOD STATION","VIC16208255","2"
501,1,"NARAMBI STATION","VIC16208256","2"
501,1,"WRIGHT STATION","VIC16208257","2"
501,1,"WATTLE GLEN STATION","VIC16208258","2"
501,1,"TECOMA STATION","VIC16208259","2"
501,3,"SALISBURY STATION","VIC16208260","2"
501,1,"LYNDHURST STATION","VIC16208261","2"
501,1,"HAWKSBURN STATION","VIC16208262","2"
501,1,"INVERLEIGH STATION","VIC16208263","2"
501,1,"IVANHOE STATION","VIC16208264","2"
501,1,"NOBELIUS STATION","VIC16208265","2"
501,3,"LINTON JUNCTION","VIC16208266","2"
501,3,"SCARSDALE STATION","VIC16208267","2"
501,3,"BUNGAREE STATION","VIC16208268","2"
501,3,"WAYGARA STATION","VIC16208269","2"
501,3,"EBDEN STATION","VIC16208270","2"
501,1,"SANDOWN PARK STATION","VIC16208271","2"
501,8,"ERWEN STATION","VIC16208272","2"
501,8,"ARAPILES STATION","VIC16208273","2"
501,3,"GREDGWIN STATION","VIC16208274","2"
501,1,"DONALD STATION","VIC16208275","2"
501,8,"KANAWALLA STATION","VIC16208276","2"
501,1,"CORIO STATION","VIC16208277","2"
501,1,"LYNBROOK STATION","VIC16208278","2"
501,3,"YARRAM STATION","VIC16208279","2"
501,1,"OUYEN STATION","VIC16208280","2"
501,1,"HUNTINGDALE STATION","VIC16208281","2"
501,1,"SURREY HILLS STATION","VIC16208282","2"
501,3,"TRAWALLA STATION","VIC16208283","2"
501,1,"CAMBERWELL STATION","VIC16208284","2"
501,1,"WILLIAMSTOWN BEACH STATION","VIC16208285","2"
501,1,"DAYLESFORD STATION","VIC16208286","2"
501,3,"BOINKA STATION","VIC16208287","2"
501,3,"RENNICK STATION","VIC16208288","2"
501,1,"NUNAWADING STATION","VIC16208289","2"
501,3,"WEDDERBURN JUNCTION","VIC16208290","2"
501,8,"ENGLEFIELD STATION","VIC16208291","2"
501,8,"REMLAW STATION","VIC16208292","2"
501,1,"CLEMATIS STATION","VIC16208293","2"
501,3,"DARNUM STATION","VIC16208294","2"
501,1,"MACAULAY STATION","VIC16208295","2"
501,8,"TOOBORAC STATION","VIC16208296","2"
501,3,"MONOMEITH STATION","VIC16208297","2"
501,3,"TARRAWARRA STATION","VIC16208298","2"
501,8,"HEYFIELD STATION","VIC16208299","2"
501,1,"RESERVOIR STATION","VIC16208300","2"
501,3,"COSGROVE STATION","VIC16208301","2"
501,1,"LAL LAL STATION","VIC16208302","2"
501,1,"BRIGHTON BEACH STATION","VIC16208303","2"
501,3,"MAFFRA STATION","VIC16208304","2"
501,1,"YARRAWONGA STATION","VIC16208305","2"
501,8,"MITRE STATION","VIC16208306","2"
501,3,"DEEP LEAD STATION","VIC16208307","2"
501,3,"TORRITA STATION","VIC16208308","2"
501,3,"TELFORD STATION","VIC16208309","2"
501,1,"SWAN HILL STATION","VIC16208310","2"
501,3,"STRATHALLAN STATION","VIC16208311","2"
501,1,"PIANGIL STATION","VIC16208312","2"
501,1,"JORDANVILLE STATION","VIC16208313","2"
501,3,"LLANELLY STATION","VIC16208314","2"
501,3,"BEALIBA STATION","VIC16208315","2"
501,8,"YARTO STATION","VIC16208316","2"
501,1,"SEYMOUR STATION","VIC16208317","2"
501,8,"GOULD STATION","VIC16208318","2"
501,3,"EAGLEHAWK STATION","VIC16208319","2"
501,3,"MITTYACK STATION","VIC16208320","2"
501,3,"BARRAPORT STATION","VIC16208321","2"
501,3,"PARWAN STATION","VIC16208322","2"
501,1,"MALVERN STATION","VIC16208323","2"
501,8,"BURRUM STATION","VIC16208324","2"
501,1,"TANTI PARK STATION","VIC16208325","2"
501,1,"STRATHMORE STATION","VIC16208326","2"
501,1,"KILMORE EAST STATION","VIC16208327","2"
501,3,"TEMPY STATION","VIC16208328","2"
501,3,"TUNGAMAH STATION","VIC16208329","2"
501,3,"KERRISDALE STATION","VIC16208330","2"
501,1,"BELGRAVE STATION","VIC16208331","2"
501,3,"WARRENHEIP STATION","VIC16208332","2"
501,3,"CATHKIN STATION","VIC16208333","2"
501,3,"DUNNSTOWN STATION","VIC16208334","2"
501,8,"RUPANYUP STATION","VIC16208335","2"
501,1,"DARLING STATION","VIC16208336","2"
501,1,"DEER PARK STATION","VIC16208337","2"
501,3,"DARTMOOR STATION","VIC16208338","2"
501,8,"FOOTSCRAY GOODS STATION","VIC16208339","2"
501,8,"MORTLAKE STATION","VIC16208340","2"
501,1,"WERRIBEE STATION","VIC16208341","2"
501,3,"CONGUPNA STATION","VIC16208342","2"
501,3,"WONTHAGGI STATION","VIC16208343","2"
501,1,"JACANA STATION","VIC16208344","2"
501,8,"MOONDARRA STATION","VIC16208345","2"
501,1,"CENTRAL DEBORAH GOLD MINE STATION","VIC16208346","2"
501,3,"MARONG STATION","VIC16208347","2"
501,3,"BRIGHT STATION","VIC16208348","2"
501,1,"SERVICETON STATION","VIC16208349","2"
501,8,"STANHOPE STATION","VIC16208350","2"
501,1,"CRAIGIEBURN STATION","VIC16208351","2"
501,8,"SYDENHAM STATION","VIC16208352","2"
501,1,"BUNYIP STATION","VIC16208353","2"
501,8,"ROSLYNMEAD STATION","VIC16208354","2"
501,3,"CRESWICK NORTH STATION","VIC16208356","2"
501,3,"DOOEN STATION","VIC16208357","2"
501,3,"BOWSER STATION","VIC16208358","2"
501,1,"CRANBOURNE STATION","VIC16208359","2"
501,8,"SOMERTON STATION","VIC16208360","2"
501,3,"MCDEVITT STATION","VIC16208361","2"
501,3,"BOORCAN STATION","VIC16208362","2"
501,3,"DIAPUR STATION","VIC16208363","2"
501,3,"CREIGHTON STATION","VIC16208364","2"
501,3,"HADDON STATION","VIC16208365","2"
501,1,"BALLARAT STATION","VIC16208366","2"
501,1,"BEACONSFIELD STATION","VIC16208367","2"
501,1,"ELTHAM STATION","VIC16208368","2"
501,3,"LISMORE STATION","VIC16208369","2"
501,1,"SUNBURY STATION","VIC16208370","2"
501,1,"ALBION STATION","VIC16208371","2"
501,1,"RUSHALL STATION","VIC16208372","2"
501,1,"KYVALLEY STATION","VIC16208373","2"
501,1,"WELL STATION DRIVE LIGHT RAIL STOP","ACT1924","8"
501,1,"SWINDEN STREET LIGHT RAIL STOP","ACT1923","8"
501,1,"PHILLIP AVENUE LIGHT RAIL STOP","ACT1922","8"
501,1,"NULLARBOR AVENUE LIGHT RAIL STOP","ACT1921","8"
501,1,"MAPLETON AVENUE LIGHT RAIL STOP","ACT1920","8"
501,1,"MANNING CLARK NORTH LIGHT RAIL STOP","ACT1919","8"
501,1,"MACARTHUR AVENUE LIGHT RAIL STOP","ACT1918","8"
501,1,"IPIMA STREET LIGHT RAIL STOP","ACT1917","8"
501,1,"GUNGAHLIN PLACE LIGHT RAIL STOP","ACT1916","8"
501,1,"EPIC AND RACECOURSE LIGHT RAIL STOP","ACT1915","8"
501,1,"ELOUERA STREET LIGHT RAIL STOP","ACT1914","8"
501,1,"DICKSON INTERCHANGE LIGHT RAIL STOP","ACT1913","8"
501,1,"ALINGA STREET LIGHT RAIL STOP","ACT1912","8"
501,1,"CANBERRA RAILWAY STATION","ACT1911","8"
